{"cameraMode":{"drawMode":0,"name":"Shaded","section":"Shading Mode"},"sceneLighting":true,"audioPlay":false,"sceneViewState":{"m_AlwaysRefresh":false,"showFog":true,"showSkybox":true,"showFlares":true,"showImageEffects":true,"showParticleSystems":true,"showVisualEffectGraphs":true,"m_FxEnabled":true},"in2DMode":false,"pivot":{"x":9.127274513244629,"y":-3.8763866424560549,"z":6.669096946716309},"rotation":{"x":0.3086463212966919,"y":-0.003957974724471569,"z":0.0013531838776543737,"w":0.9510473012924194},"size":21.453733444213868,"orthographic":false}