{"cameraMode":{"drawMode":0,"name":"Shaded","section":"Shading Mode"},"sceneLighting":false,"audioPlay":false,"sceneViewState":{"m_AlwaysRefresh":false,"showFog":true,"showSkybox":true,"showFlares":true,"showImageEffects":true,"showParticleSystems":true,"showVisualEffectGraphs":true,"m_FxEnabled":true},"in2DMode":false,"pivot":{"x":0.5698449015617371,"y":1.1597449779510499,"z":-2.1603691577911379},"rotation":{"x":-0.15675953030586244,"y":-0.0725993737578392,"z":0.01126919873058796,"w":-0.9850395917892456},"size":4.596088409423828,"orthographic":false}