{"cameraMode":{"drawMode":0,"name":"Shaded","section":"Shading Mode"},"sceneLighting":true,"audioPlay":false,"sceneViewState":{"m_AlwaysRefresh":false,"showFog":true,"showSkybox":true,"showFlares":true,"showImageEffects":true,"showParticleSystems":true,"showVisualEffectGraphs":true,"m_FxEnabled":true},"in2DMode":false,"pivot":{"x":60.44154739379883,"y":10.025691986083985,"z":-12.778528213500977},"rotation":{"x":-0.07072711735963822,"y":-0.3840615451335907,"z":0.029780054464936258,"w":-0.9202024936676025},"size":1.8700765371322632,"orthographic":false}