{"cameraMode":{"drawMode":0,"name":"Shaded","section":"Shading Mode"},"sceneLighting":true,"audioPlay":false,"sceneViewState":{"m_AlwaysRefresh":false,"showFog":true,"showSkybox":true,"showFlares":true,"showImageEffects":true,"showParticleSystems":true,"showVisualEffectGraphs":true,"m_FxEnabled":false},"in2DMode":false,"pivot":{"x":21.79564666748047,"y":-0.42508384585380556,"z":-0.5015308260917664},"rotation":{"x":-0.15124692022800446,"y":-0.36908236145973208,"z":0.06099575012922287,"w":-0.9150063395500183},"size":8.957844734191895,"orthographic":false}